Size,Python Time (s),C++ Time (s),Speedup (Python/C++)
100000,0.00780177116394043,0.00011181831359863281,69.77185501066099
1000000,0.03511810302734375,0.000476837158203125,73.648
10000000,0.17434978485107422,0.0031890869140625,54.670753588516746
100000000,1.7140066623687744,0.037011146545410156,46.31055296451854
200000000,3.3473520278930664,0.07111096382141113,47.072235391150706
400000000,6.8422532081604,0.14205265045166016,48.16702248360221
800000000,20.027946949005127,0.24477314949035645,81.82248335123941
1000000000,25.969393014907837,0.30841994285583496,84.20140660958081
